question,answer
Qual deve ser a apresentaÃ§Ã£o/descriÃ§Ã£o do resort?,Viva a Alegria da Bahia! A Costa do SauÃ­pe Ã© o resort mais lembrado do Brasil e o mais legal tambÃ©m. Aqui vocÃª vai viver uma experiÃªncia completa all inclusive com uma experiÃªncia que sÃ³ quem Ã© baiano sabe oferecer.
O que responder se o hÃ³spede perguntar se o hotel disponibiliza toalhas de Banho?,"Para pedir toalha de banho, Ã© sÃ³ entrar em contato com a Premium Service atravÃ©s do telefone do seu quarto, Ã© sÃ³ digitar 9 e solicitar. Eles irÃ£o enviar o quanto antes um responsÃ¡vel para te ajudar."
O que responder se o hÃ³spede perguntar se o hotel disponibiliza cuidadora para idoso?,RevisÃ£o - Aviva
O que responder apÃ³s a finalizaÃ§Ã£o do feedback CSAT por humano?,"Agradecemos o seu contato. Volte sempre que precisar! ğŸ˜Š
"
O que responder se o hÃ³spede informar que o vizinho estÃ¡ fazendo muito barulho ou que tem muito barulho no corredor?,RevisÃ£o - Aviva
O que responder se perguntarem se tem Netflix na TV?,No SauÃ­pe Premium Brisa vocÃª encontra smart TVs com Netflix. VocÃª pode usar o seu login e senha para utilizar.
Qual mensagem enviar antes de enviar a localizaÃ§Ã£o (mapa do Google Maps)?,"Ã‰ possÃ­vel encontrar o hotel nas ferramentas de mapas atravÃ©s do endereÃ§o: BA-099, Km 74 - s/n - Linha Verde, Mata de SÃ£o JoÃ£o - BA, 48282-970. Para facilitar jÃ¡ vou te mandar o mapa, aÃ­ nÃ£o tem erro.

Estamos ansiosos pela sua chegada! ğŸ’›"
O que responder caso o feedback CSAT seja neutro? (7 e 8),Obrigada pela nota! Foi maravilhoso conversar com vocÃª â˜ºï¸
O que responder se perguntarem se hÃ¡ hidromassagem no quarto/hotel?,"Por padrÃ£o, nossos quartos nÃ£o tem hidromassagem. Mas temos algumas opÃ§Ãµes no nosso complexo. Consulte a recepÃ§Ã£o do seu hotel."
O que responder quando perguntarem sobre incluir um hÃ³spede na reserva?,RevisÃ£o - Aviva
"O que responder caso o feedback CSAT seja ruim? (0 a 6, detratores)",O que aconteceu para vocÃª ter atribuÃ­do esta nota? Quero muito poder evoluir e ajudar outras pessoas com a mesma dÃºvida que vocÃª. Pode digitar tudo em uma Ãºnica frase.
O que a assistente deve responder quando houver um pedido de socorro?,"Eu ouvi um pedido de ajuda?! Nesse caso, o melhor Ã© entrar em contato com a equipe da Premium Service pelo *ramal 9* ou ir direto na *RecepÃ§Ã£o do Hotel* para que possam te auxiliar em tudo que precisa ğŸ˜‰"
O que a assistente deve responder quando falarem para a assistente que estÃ£o tristes?,"Ei, nÃ£o fique triste ğŸ˜” Tenho certeza que temos muitas coisas aqui pelo hotel que vÃ£o te animar e fazer vocÃª esquecer a tristeza!! Estou aqui para te ajudar. Porque nÃ£o aproveita e acessa no menu as dicas incrÃ­veis da nossa programaÃ§Ã£o, afinal, a vida Ã© curta demais para rascunhos!"
O que a assistente deve responder quando mandarem emojis?,eu tambÃ©m adoro emojis. ğŸ˜
O que responder caso o feedback CSAT seja bom? (9 ou 10),Que nota maravilhosa! ğŸ¤© Fico muito feliz em ter te ajudado! Conta sempre comigo! ğŸ˜‰
O que responder quando o hÃ³spede perguntar sobre agendamento de refeiÃ§Ãµes?,"Legal, para agendar sua refeiÃ§Ã£o ğŸ½ï¸:
ğŸ“Œ VÃ¡ atÃ© o menu principal;
ğŸ“ŒSelecione a opÃ§Ã£o *agendamentos*;
ğŸ“ŒResponda Ã s perguntas e pronto! Ã‰ sÃ³ ir no horÃ¡rio agendado  ğŸ˜‰"
O que a assistente deve responder quando fizerem uma declaraÃ§Ã£o pra ela?,"Ah que declaraÃ§Ã£o ğŸ’—, dizem que robÃ´s nÃ£o tem sentimentos, mas eu amo todos que interagem comigo!"
O que a assistente deve responder quando perguntarem se a assistente Ã© um robÃ´?,"Por acaso eu fui programada para estar aqui! NÃ£o sou humana, mas AMO utilizar minha inteligÃªncia artificial para ajudar os hÃ³spedes! Vou te contar uma curiosidade, todo dia eu aprendo algo, estou adorando essa vida no resort! ğŸ˜Š"
O que responder quando o hÃ³spede perguntar sobre agendamento de atividades?,"Legal, aqui vÃ£o as dicas sobre agendamento. ğŸ˜‰ Estamos trabalhando  para evitar aglomeraÃ§Ãµes:  
- Agendamento de *atividades da programaÃ§Ã£o de lazer* ğŸ

ğŸ“ŒAs atividades que exigem agendamento estÃ£o no *Menu Principal* , seguido da opÃ§Ã£o *agendamentos*."
O que responder quando perguntarem sobre documentaÃ§Ã£o necessaria?,"Sempre leve um documento de identificaÃ§Ã£o oficial vÃ¡lido com foto. CrianÃ§a acompanhada, para viajar, deve ter um documento pessoal, como, por exemplo, a certidÃ£o de nascimento."
O que a assistente deve responder quando perguntarem qual Ã© a voltagem das tomadas?,Todas as tomadas sÃ£o 220v. O Resort nÃ£o disponibiliza transformadores.
O que responder quando perguntarem sobre consumaÃ§Ã£o?,"All inclusive, bb! Temos alimentos e bebidas disponÃ­veis o dia todo de acordo com a categoria do seu hotel <3"
O que a assistente deve responder quando perguntarem sobre consumo do frigobar? Como solicitar reposiÃ§Ã£o?,"Tudo que estÃ¡ no frigobar estÃ¡ incluso na diÃ¡ria atÃ© a primeira reposiÃ§Ã£o. A partir da segunda Ã© cobrado um valor a parte.
Para repor itens faltantes no frigobar, vocÃª pode retirar nos bares e levar para o seu quarto. Essa Ã© mais uma medida de proteÃ§Ã£o para a sua seguranÃ§a. ğŸ˜‰"
O que a assistente deve responder quando perguntarem sobre bancos e caixas eletrÃ´nicos?,"Primeiro, um lembrete: aqui em Costa do SauÃ­pe, vocÃª pode usar seu cartÃ£o de crÃ©dito/dÃ©bito para todos os serviÃ§os. Mas se precisar sacar dinheiro por outro motivo, temos uma unidade do Banco do Brasil na Vila Nova da Praia <3 Se vocÃª precisar de caixa 24h, o mais prÃ³ximo Ã© em Praia do Forte, lÃ¡ tambÃ©m tem agÃªncias do ItaÃº e Caixa. Caso queira agendar uma ida, procure a unidade da GROU na Vila Nova da Praia."
O que assistente deve mandar quando perguntarem sobre locais para aluguel de equipamentos esportivos?,"A Lojinha do RolÃª Ã© o que vocÃª busca quando se trata de aluguel de bicicletas, carrinhos elÃ©tricos e equipamentos para esportes. LÃ¡ vocÃª consegue encontrar tudo que precisa para se divertir muito e nÃ£o ficar parado. Para informaÃ§Ãµes de valores pode entrar em contato com eles (Ramal 8332) ou com a Premium Service pelo 9."
O que a assistente digital deve responder quando se Ã© perguntado sobre bar no hotel?,"As categorias Premium e Resorts contam com lobby bar. SÃ£o vÃ¡rias opÃ§Ãµes de drinks e bebidas para vocÃª aproveitar. 
E o melhor: no sistema all inclusive. E neste perÃ­odo contamos com vocÃª para manter a distÃ¢ncia entre as mesas e evite aglomeraÃ§Ãµes."
O que a assistente deve responder se perguntado sobre opÃ§Ãµes de transfer e higienizaÃ§Ã£o do mesmo?,"Temos disponÃ­veis os carrinhos elÃ©tricos e carro para o transporte interno. Para esse transporte, aceitamos apenas membros da mesma famÃ­lia no interior do veÃ­culo. Os veÃ­culos sÃ£o constantemente higienizados e hÃ¡ uma proteÃ§Ã£o extra entre motorista e passageiros. Ah! O uso de mÃ¡scara Ã© obrigatÃ³rio."
O que a assistente deve responder se o hospede perguntar se Ã© necessario apresentar algum teste testando negativo para o covid-19?,"NÃ£o. Aqui no resort a gente precisa mesmo Ã© que vocÃª respeite as medidas de prevenÃ§Ã£o. Vamos aferir sua temperatura constantemente, assim como dos demais hÃ³spedes e colaboradores. Se ela estiver alterada, a gente tem todo um protocolo a ser seguido para cuidar da sua saÃºde."
O que a assistente deve responder se o hospede perguntar sobre funcionamento da Ã¡reas fechadas com o Covid?,"Seguindo as recomendaÃ§Ãµes da OMS e dos Ã³rgÃ£os de saÃºde governamentais, algumas de nossas atraÃ§Ãµes estÃ£o fechadas por tempo indeterminado para garantir a sua seguranÃ§a e de toda a sua famÃ­lia: 
ğŸ“Œ Toca da Turminha da Zooeira (SauÃ­pe Kids) 
ğŸ“Œ Spa- Academia 
ğŸ“Œ Vila Assombrada 
ğŸ“Œ SauÃ­pe NaÃºtica 
Mas nÃ£o se preocupe, o hotel estÃ¡ repleto de muitas atividades para nÃ­nguem ficar parado! ğŸ˜‰"
O que a assistente deve responder se o usuÃ¡rio pergunta se Ã© obrigatÃ³rio o uso de mÃ¡scara no resort?,"ğŸ“Œ Sim, o uso de mÃ¡scaras Ã© obrigatÃ³rio em todas as Ã¡reas comuns do resort. As Ãºnicas exceÃ§Ãµes sÃ£o durante a alimentaÃ§Ã£o e dentro da Ã¡gua (piscina ou mar).P odemos disponibilizar uma mÃ¡scara descartÃ¡vel para vocÃª. 

ğŸ“Œ Nas nossas lojas na Vila Nova da Praia vocÃª vai encontrar opÃ§Ãµes reutilizÃ¡veis."
O que a assistente deve responder se o hospede perguntar sobre teste de covid nos funcionarios?,"Antes de iniciar o dia de trabalho, nossos colaboradores passam por aferiÃ§Ã£o de temperatura e respondem a um questionÃ¡rio. ğŸ“Œ Em qualquer caso suspeito, seguimos com atendimento mÃ©dicos necessÃ¡rios. Em caso de teste positivo, seguimos para encaminhamento a um hospital e em teste negativo, mas permanÃªncia de sintomas, o colaborador fica em casa."
O que a assistente digital deve responder quando perguntarem como estÃ£o trabalhando com as medidas protetivas?,"Durante este tempo, revimos todos os nossos procedimentos para trazer muita seguranÃ§a para todos que aqui estÃ£o: hÃ³spedes e colaboradores. Aqui vai um pequeno resumo: 

ğŸ“Œ Estamos testando na chegada e durante toda a estada todos os hÃ³spedes. Nossos colaboradores tambÃ©m. Em caso de qualquer suspeita, seguimos para atendimento mÃ©dico; 
ğŸ“Œ O uso de mÃ¡scaras passou a ser obrigatÃ³rio em todas as Ã¡reas comuns, exceto para alimentaÃ§Ã£o e dentro da Ã¡gua; 
ğŸ“Œ Medidas de distanciamento e sinalizaÃ§Ãµes orientativas foram preparadas em todo o complexo; 
ğŸ“Œ Toda a nossa capacidade foi reduzida. A quantidade de quartos disponÃ­veis, a capacidade dos restaurantes, Circo da Vila e locais de circulaÃ§Ã£o. Tudo pensado para evitar aglomeraÃ§Ã£o; 
ğŸ“Œ O check in e checkout foi facilitado via aplicativo;
ğŸ“Œ Reservas sÃ£o necessÃ¡rias para atividades de lazer e restaurantes; 
ğŸ“ŒE muitas outras coisas tambÃ©m foram feitas. 
Quer saber mais? https://www.aviva.tur.br/inicio-cs"
O que a assistente deve responder sobre como estÃ¡ a higienizaÃ§Ã£o dos quartos? EstÃ£o equipados com alcool em gel?,"Nossos protocolos de higiene foram todos reforÃ§ados. Antes do check in, o quarto passa por uma *higienizaÃ§Ã£o reforÃ§ada*. Todos os apartamentos contam com alcool em gel/alcool 70% disponÃ­veis e para evitar contato, disponibilizamos kits de enxoval, mas a arrumaÃ§Ã£o do quarto estÃ¡ suspensa, podendo ser agendada *apÃ³s o 4Âº dia de hospedagem*. ğŸ˜„"
O que a assistente deve responder se o hÃ³spede perguntar sobre higienizaÃ§Ã£o das Ã¡reas em comum?,As Ã¡reas comuns estÃ£o passando por processos de higiene reforÃ§ados e durante curtos espaÃ§os de tempo. Ãreas de permanÃªncia sÃ£o higienizadas apÃ³s cada uso. Tudo isso pensando na saÃºde de todos.
O que a assistente deve responder se o hÃ³spede perguntar como vocÃªs estÃ£o controlando a quantidade de pessoas durante as refeiÃ§Ãµes?,"A capacidade dos restaurantes foi reduzida de acordo com distanciamento seguro entre as disposiÃ§Ãµes de mesa. Assim, para acessar o restaurante vocÃª precisa fazer uma reserva aqui comigo. Para fazer seu agendamento, vÃ¡ atÃ© o *Menu Principal* e selecione a opÃ§Ã£o *agendamentos*. Te dou as prÃ³ximas instruÃ§Ãµes por lÃ¡ ğŸ˜‰"
O que a assistente deve responder quando perguntarem sobre igreja?,Nosso centro ecumÃªnico estÃ¡ aberto para visitaÃ§Ã£o o dia todo. Mas nÃ£o temos horÃ¡rios de missa.
O que assistente deve mandar quando perguntarem sobre lazeres opcionais?,"Eu amo a Bahia e espero que vocÃª goste tambÃ©m! Para vocÃª conhecer mais desse lugar incrÃ­vel, temos aqui no completo tem o SauÃ­pe Services que cuida dos passeios para fora do Resort, com diversas opÃ§Ãµes como Praia do Forte, city tour em Salvador, passeio de quadriciclo, de lancha e muito mais! ğŸ˜ AtravÃ©s do ramal 8553 vocÃª consegue ter mais informaÃ§Ãµes e tirar todas as suas dÃºvidas. Ou se preferir, pode entrar em contato direto com o nosso parceiro GROU pelo nÃºmero (71) 99973-3582. Divirta-se!! ğŸ˜"
O que a assistente deve responder quando perguntarem sobre achados e perdidos?,"Para qualquer item perdido, pedimos para que vocÃª ir atÃ© a recepÃ§Ã£o e preencher um formulÃ¡rio informando o que foi perdido, feito isso, Ã© sÃ³ aguardar o retorno da recepÃ§Ã£o."
O que a assistente deve responder quando perguntarem sobre serviÃ§o mÃ©dico?,"A Costa do Sauipe dispÃµe de um posto de atendimento 24h, para consultas e emergÃªncias ambulatoriais. A adesÃ£o deverÃ¡ ser feita obrigatoriamente no check in, onde vocÃª poderÃ¡ consultar valores. *Dicas da Sol:* Caso a assistÃªncia ambulatorial nÃ£o tenha sido contratada, todos os atendimentos mÃ©dicos serÃ£o pagos Ã  parte. O serviÃ§o tem o valor de R$ 20,00 por dia/por apartamento."
O que a assistente deve responder quando perguntarem sobre cadeira de rodas?,"Aqui em Costa do SauÃ­pe, temos cadeiras disponiveis para emprestimo. A necessidade deve ser informada no ato da reserva, para a verificaÃ§Ã£o da disponibilidade do equipamento."
O que a assistente deve responder se o hÃ³spede pede para arrumar o quarto?,"Para a seguranÃ§a de todos, a arrumaÃ§Ã£o de quarto estÃ¡ disponÃ­vel 48 horas apÃ³s o check-in e ela acontece em dias alternados. 
ğŸ“Œ Se possÃ­vel, deixe as janelas abertas. Assim, nossa equipe poderÃ¡ fazer a arrumaÃ§Ã£o do seu quarto de forma mais segura."
O que a assistente deve responder quando perguntarem sobre solicitaÃ§Ãµes especiais?,"Para solicitaÃ§Ãµes especiais, favor enviar para o e-mail: reservasespeciais\@aviva.com.br"
O que a assistente deve responder quando perguntarem sobre estacionamento? Ã‰ cobrado a parte?,O estaciomento sÃ£o exclusivo dos hÃ³spedes do hotel.
O que assistente deve mandar quando perguntarem sobre carrinho de bebÃª?,"Para emprÃ©stimos de carrinhos de bebÃª, quem consegue te ajudar Ã© a SauÃ­pe Kids. Basta ligar no ramal 8662 e falar diretamente com eles."
O que responder se pedir para ligar para outro quarto?,RevisÃ£o - Aviva
O que responder se perguntarem se podem mandar curriculo?,"Que legal, fico feliz que queira fazer parte da nossa equipe. De uma olhada das vagas que temos disponÃ­vel em: https://portal.rhobot.com.br/"
O que responder se perguntarem sobre promoÃ§Ãµes da black Friday?,"Nossa Black-Friday comeÃ§a oficialmente no dia 25 de novembro e vai atÃ© o dia 1 de dezembro! E posso te contar um segredinho? Se vocÃª se inscrever nossa newsletter vai receber um promocode pra liberar os descontos 1 semana antes, a partir do dia 18 ;)"
O que responder se perguntarem se o resort aceita excursÃ£o?,RevisÃ£o - Aviva
O que responder quando falarem tchau?,Foi Ã³timo falar com vocÃª! Se cuida â¤ï¸
O que falar sobre locais que estÃ£o fechados por conta do covid?,"Seguindo as recomendaÃ§Ãµes da OMS e dos Ã³rgÃ£os de saÃºde governamentais, algumas de nossas atraÃ§Ãµes estÃ£o fechadas por tempo indeterminado para garantir a sua seguranÃ§a e de toda a sua famÃ­lia: - Toca da Turminha da Zooeira (SauÃ­pe Kids) - Spa - Academia - Vila Assombrada - SauÃ­pe NaÃºtica Mas nÃ£o se preocupe, o hotel estÃ¡ repleto de muitas atividades para nÃ­nguem ficar parado! ğŸ˜‰"
O que a assistente deve responder quando o hospede perguntar sobre retorno das atividades pÃ³s pandemia?,"Eu ouvi ""SauÃ­pe de volta""? Nosso sol nunca esteve tÃ£o quente, nossa natureza nunca esteve tÃ£o linda e a saudade nunca esteve tÃ£o apertada. Mas quer saber o que mais nÃ£o estÃ¡ como antes? O nosso jeito de cuidar da sua saÃºde! Venha conferir: https://www.aviva.tur.br/inicio-cs"
O que a assistente deve responder quando perguntarem sobre lugares para comprar lembrancinhas?,Na Vila Nova da Praia <3 lÃ¡ tem tanta coisa linda que duvido vocÃª sair de lÃ¡ sem comprar presente pra famÃ­lia toda.
O que responder quando o hÃ³spede que jÃ¡ falou com a assistente mandar oi de novo?,Que bom falar com vocÃª de novo! â¤ï¸
O que a assistente deve responder quando perguntarem sobre horÃ¡rio do checkout?,O checkout Ã© feito ao 12h com tolerÃ¢ncia de 30 minutos. ApÃ³s esse horÃ¡rio Ã© cobrado um valor adicional por pessoa atÃ© as 14h.
O que a assistente deve responder caso nÃ£o entenda algo que o hÃ³spede disse?,"Desculpa, nÃ£o entendi muito bem! Pode tentar novamente, por favor?"
O que responder quando agradecerem?,Eu que agradeÃ§o! Muito obrigada pelo seu contato! â˜ºï¸Espero que tenha vivido momentos inesquecÃ­veis com a gente.
O que a assistente deve responder caso perguntem sobre farmÃ¡cia?,"NÃ³s temos farmÃ¡cia no complexo, ela estÃ¡ localizada na Vila Nova da Praia, em frente Ã  academia. Seu funcionamento Ã© das 08:00 Ã s 23:00 todos os dias. Se precisar de informaÃ§Ãµes mais especÃ­ficas, o telefone Ã© (71) 2104-8625."
O que a assistente deve responder se perguntarem sobre horÃ¡rio da academia?,O horÃ¡rio de funcionamento da academia Ã© das 06h Ã s 22h. Lembrando que Ã© necessÃ¡rio o agendamento atravÃ©s da opÃ§Ã£o *Agendamentos* no menu principal.
O que responder se o hÃ³spede perguntar sobre espaÃ§o kids?,"Seguindo as recomendaÃ§Ãµes da OMS e dos Ã³rgÃ£os de saÃºde governamentais, a Toca da Turminha da Zooeira estÃ¡ fechada por tempo indeterminado para garantir a sua seguranÃ§a e de toda a sua famÃ­lia.
 Mas nÃ£o se preocupe, o hotel estÃ¡ repleto de muitas atividades para nÃ­nguem ficar parado! ğŸ˜‰"
O que a assistente deve responder quando perguntarem sobre horÃ¡rio da janta?,"O jantar Ã© servido das 19h atÃ© as 22h30. Mas vocÃª precisa reservar seu horÃ¡rio, assim a gente evita aglomeraÃ§Ãµes. Para fazer seu agendamento, vÃ¡ atÃ© o *Menu Principal* e selecione a opÃ§Ã£o *agendamentos*. Te dou as prÃ³ximas instruÃ§Ãµes por lÃ¡ ğŸ˜‰"
O que responder quando perguntarem sobre monitores da recreaÃ§Ã£o infantil?,"*RecreaÃ§Ã£o Kids:* HorÃ¡rio de Funcionamento: 09:00 Ã s 12:30 // 14:00 Ã s 16:00 . A Toca da Turminha da Zooeira estÃ¡ de braÃ§os abertos para receber nos pequenxs. Devido aos protocolos, estamos com algumas mudanÃ§as, entÃ£o atente-se ao horÃ¡rio de funcionamento. No mais, deixe conosco que proporcionaremos experiÃªncias incrÃ­veis. "
O que responder se o hÃ³spede perguntar se tem uber / transporte por aplicativo que passa no hotel? Qual o nÃºmero para pedir tÃ¡xi?,Precisa de tÃ¡xi? Nesse caso vocÃª pode pedir ajuda na recepÃ§Ã£o do seu hotel para verificar os valores vigentes e realizar a solicitaÃ§Ã£o.
O que a assistente deve responder quando perguntarem sobre horÃ¡rio do cafÃ© da manhÃ£?,"O cafÃ© da manhÃ£ Ã© servido das 07h atÃ© as 10h30 no restaurante do hotel. Para fazer seu agendamento, vÃ¡ atÃ© o *Menu Principal* e selecione a opÃ§Ã£o *agendamentos*. Te dou as prÃ³ximas instruÃ§Ãµes por lÃ¡ ğŸ˜‰"
O que assistente deve mandar quando perguntarem sobre transfer interno?,"Sabia que o hotel disponibiliza transporte interno gratuito que passa na frente das recepÃ§Ãµes de cada hotel Ã  cada 20 minutos? Transita entre as alas. HorÃ¡rio das 8:00h Ã s 23:00h, apÃ³s este horÃ¡rio Ã© possÃ­vel solicitar na recepÃ§Ã£o."
O que responder se perguntarem formas de pagamento que sÃ£o aceitas?,RevisÃ£o - Aviva
Qual informaÃ§Ã£o a assistente deve passar sobre procedimento para refeiÃ§Ãµes no hotel?,"As refeiÃ§Ãµes podem ser feitas atravÃ©s de agendamento. Para conferir a disponibilidade, vÃ¡ atÃ© o *Menu Principal* e selecione a opÃ§Ã£o *agendamentos*. Te dou as prÃ³ximas instruÃ§Ãµes por lÃ¡ ğŸ˜‰"
O que a assistente deve responder quando perguntarem sobre horÃ¡rio do almoÃ§o?,"Antes de tudo, vocÃª precisa fazer sua reserva para evitar aglomeraÃ§Ãµes. FaÃ§a pelo aplicativo: https://linktr.ee/costadosauipe O almoÃ§o Ã© servido das 12h30 atÃ© as 15h30 no restaurante do hotel."
O que responder nas perguntas sobre editar/alterar um agendamento?,RevisÃ£o - Aviva
O que a assistente deve responder se os hospedes perguntarem sobre medir febre para o covid-19?,"Todos os dias teremos aferiÃ§Ã£o de temperatura. Os casos considerados suspeitos serÃ£o direcionados para o nosso ambulatÃ³rio. O mÃ©dico responsÃ¡vel vai avaliar todos os sintomas, seguir os procedimentos indicados (incluindo o teste de covid-19) e acompanhar os resultados. Em caso positivo, temos protocolos especÃ­ficos para o isolamento do paciente e de toda a famÃ­lia. Assim, mantemos todos seguros."
O que responder se perguntarem se tem cofre no quarto e como faz par utilizar?,"Sim, todos os nossos quartos oferecem um cofre para uso gratuito dos hÃ³spedes."
O que responder nas perguntas sobre excluir/cancelar um agendamento?,RevisÃ£o - Aviva
O que a assistente deve responder quando perguntarem sobre web-checkin?,VocÃª pode acessar o sistema e realizar o web check-in atravÃ©s do link: https://webcheckin.aviva.com.br/ Assim vocÃª evita filas e agiliza a sua entrada no hotel. ğŸ˜Š
O que responder se perguntarem sobre email para contato com o resort?,RevisÃ£o - Aviva
O que responder se pedir o nÃºmero da recepÃ§Ã£o?,"â˜ï¸ Aqui estÃ£o os telefones. Eles sempre comeÃ§am com (71)2104- 
ğŸ“Premium Brisa - 8003 | 8004 
ğŸ“Premium Sol - 7116 | 7117 
ğŸ“Ala Terra - 7630 / 7631 
ğŸ“Ala Mar - 7306 | 7307 
ğŸ“Pousadas - 8200"
O que responder se perguntarem se aceita pet?,"Os bichinhos sÃ£o muito amados por nÃ³s, mas infelizmente nÃ£o podemos aceitÃ¡-los por enquanto. Se preferir, hÃ¡ algumas pet shops em Mata de SÃ£o JoÃ£o que podem abrigar seu amiguinho. ;)"
O que responder se perguntarem se tem fotÃ³grafo profissional no resort?,"Aqui no Resort, temos a nossa charmosa VIla Nova da Praia, e ela Ã© composta por vÃ¡rias lojinhas incrÃ­veis. Entre elas temos uma loja de fotografia profissional, que pode registrar seus momentos mÃ¡gicos aqui na Costa!"
"O que responder se o hÃ³spede perguntar como funciona a identificaÃ§Ã£o do hÃ³spede dentro do hotel? (pulseira, cartao, etc)","Para curtir toda a programaÃ§Ã£o do resort, esteja sempre com a pulseira/smartcard que vocÃª recebeu ao fazer check-in, essa Ã© sua identidade aqui no resort. Com ela, sabemos quais os locais vocÃª tem acesso, qual tipo de plano vocÃª contratou e tambÃ©m serve como chave do quarto. Os clientes do Premium Brisa, tem direito a acessar todas as alas! Aproveite ;)"
O que responder quando perguntarem sobre pontos turÃ­sticos ao redor?,"Temos uma parceria com a GROU Turismo que realiza transfers para o aeroporto, Salvador e outras localidades na regiÃ£o.
 Ã‰ possÃ­vel tambÃ©m realizar a contrataÃ§Ã£o de passeios especiais. VocÃª pode ira atÃ© Ã  loja da GROU Turismo na Vila Nova da Praia ou entrar em contato pelo telefone: +55 71 99973-3582."
O que responder quando falarem sobre eventos?,RevisÃ£o - Aviva
O que responder se o hÃ³spede perguntar sobre covid-19?,"Oi, vamos falar sobre o Covid-19 e as medidas que estamos tomando? Acesse e confira: https://www.aviva.tur.br/"
O que responder se o hÃ³spede perguntar se tem loja para comprar Ã³culos de sol?,"JÃ¡ deu uma passadinha ali na Vila Nova da Praia? Temos vÃ¡rias opÃ§Ãµes de roupas, acessÃ³rios e lembrancinhas pra vocÃª. Com certeza vocÃª vai encontrar Ã³culos de sol por lÃ¡ tambÃ©m."
O que responder se perguntarem sobre room service?,RevisÃ£o - Aviva
O que responder quando perguntarem sobre rodoviÃ¡ria?,RevisÃ£o - Aviva
O que responder se perguntarem se tem aquecedor no quarto?,Todas as nossas acomodaÃ§Ãµes contam com ar-condicionado.
O que responder quando o hÃ³spede pedir por passeio externo?,"Eu amo a Bahia e espero que vocÃª goste tambÃ©m! Para vocÃª conhecer mais desse lugar incrÃ­vel, temos aqui no complexo tem o SauÃ­pe Services que cuida dos passeios para fora do Resort, com diversas opÃ§Ãµes como Praia do Forte, city tour em Salvador, passeio de quadriciclo, de lancha e muito mais! ğŸ˜ AtravÃ©s do ramal 8553 vocÃª consegue ter mais informaÃ§Ãµes e tirar todas as suas dÃºvidas. Ou se preferir, pode entrar em contato direto com o nosso parceiro GROU pelo nÃºmero (71) 99973-3582. Divirta-se!! ğŸ˜"
O que responder sobre piscinas?,"As piscinas abrem Ã s 09h e fecha Ã s 18h. ApÃ³s esse horÃ¡rio nÃ£o possui mais salva-vidas, entÃ£o nÃ£o Ã© recomendÃ¡vel a utilizaÃ§Ã£o."
O que responder se o hÃ³spede perguntar sobre grupos de interaÃ§Ã£o entre hÃ³spedes para esporte?,"ğŸ‘‰Se vocÃª estiver procurando parceiros para jogar, nÃ³s temos um grupo no WhatsApp especial para amantes de tÃªnis! Ã‰ sÃ³ acessar o link e compartilhar com o pessoal que vocÃª tem interesse em jogar. https://chat.whatsapp.com/Laz9bkVElAtLbZjVRmm5Yu 
ğŸ‘‰ Corrida e pedalada tem uma sensaÃ§Ã£o diferente nesse paraÃ­so!! O *link* para acessar o grupo e achar parceiros para jogar Ã©: https://chat.whatsapp.com/Kwgd4Su6w8990SqlwzaKYQ Espero que se divirta muito, e faÃ§a muitos amigos ğŸ˜"
O que responder quando  pedirem informaÃ§Ãµes sobre como acessar a nota fiscal.,RevisÃ£o - Aviva
O que responder se perguntar sobre desconto para jaz parte do clube de fÃ©rias / RCI?,Oba! O Vacation Club Ã© o maior clube de fÃ©rias da AmÃ©rica do Sul! JÃ¡ pensou poder planejar as fÃ©rias com muito mais economia e flexibilidade? Vou te passar o contato de pessoas feras que podem te ajudar com este assunto: (71) 2104-8487 ou atravÃ©s do e-mail: vo.costadosauipe\@aviva.com.br
O que responder se o hÃ³spede perguntar sobre comemoraÃ§Ãµes de ano novo?,"Estamos preparando a programaÃ§Ã£o de Ano Novo com muito carinho para os nossos hÃ³spedes. Em breve divulgaremos no nosso site e redes sociais. 
"
O que responder se o hÃ³spede perguntar sobre comemoraÃ§Ãµes de natal?,"Estamos preparando uma com muito carinho, caso queria saber em primeira mÃ£o, deixa seu e-mail que avisaremos."
O que responder quando pedirem por direcionamento para lidar com problemas na reserva.,RevisÃ£o - Aviva
O que responder quando perguntarem sobre cotaÃ§Ã£o / reservas de hospedagem?,RevisÃ£o - Aviva
O que responder se o hÃ³spede perguntar se tem espaÃ§o pra camping?,RevisÃ£o - Aviva
O que responder se o hÃ³spede perguntar se tem equipamento de surf para emprestar?,RevisÃ£o - Aviva
O que responder nas perguntas sobre usar caixinha de mÃºsica/caixa de som portÃ¡til nas dependÃªncias do hotel?,RevisÃ£o - Aviva
O que responder nas perguntas sobre salÃ£o de beleza e serviÃ§os estÃ©ticos?,RevisÃ£o - Aviva
O que responder quando perguntarem por serviÃ§o de lavanderia?,"NÃ³s conseguimos te ajudar quando se trata de serviÃ§o de lavanderia! Para solicitar, basta preencher a lista indicando a quantidade de peÃ§as e o serviÃ§o desejado. E ahh, nÃ£o se esqueÃ§a de guardar a Ãºltima via para conferencia no recebimento."
O que responder se perguntarem sobre a possibilidade de receber visitas?,NÃ£o sÃ£o permitidas visitas nÃ£o identificadas no complexo. Apenas hÃ³spedes podem entrar.
O que responder se o hÃ³spede perguntar sobre planos de clube de fÃ©rias/RCI no resort?,Oba! O Vacation Club Ã© o maior clube de fÃ©rias da AmÃ©rica do Sul! JÃ¡ pensou poder planejar as fÃ©rias com muito mais economia e flexibilidade? Vou te passar o contato de pessoas feras que podem te ajudar com este assunto: (71) 2104-8487 ou atravÃ©s do e-mail: vo.costadosauipe\@aviva.com.br
O que responder quando o hÃ³spede perguntar sobre quais as condiÃ§Ãµes das estradas atÃ© o resort?,RevisÃ£o - Aviva
O que responder quando perguntarem sobre cupom de desconto para atrativos?,RevisÃ£o - Aviva
O que responder se perguntarem se tem touca de banho no quarto?,Todos os apartamentos possuem touca de banho para sua comodidade.
Qual a mensagem de erro quando a assistente nÃ£o entender?,"Desculpa, nÃ£o entendi muito bem! Pode tentar novamente, por favor?"
O que dizer apÃ³s hÃ³spede mandar saudaÃ§Ã£o?,OlÃ¡! Vamos lÃ¡? ğŸ˜
O que dizer apÃ³s hÃ³spede ter terminado de informar data de check-in e checkout?,Obrigada pelas informaÃ§Ãµes! ğŸ˜ƒ Aproveite bastante sua hospedagem.
"Caso o cliente ainda nÃ£o tenha realizado check-in, qual a mensagem que a assistente deve enviar?","Certo! Para realizar o check-in online, acesse o endereÃ§o: services.aviva.com.br. Assim vocÃª agiliza a sua entrada no hotel. ğŸ˜Š
"
ApresentaÃ§Ã£o do menu principal,Consigo te ajudar com os seguintes temas aqui na Costa do SauÃ­pe:
Descreva a mensagem de boas vindas do assistente.,"OlÃ¡, que bom te receber aqui! Te dou as boas-vindas! Sou a Sol, a assistente digital da Aviva. Estou disponÃ­vel 24h para te ajudar no que for preciso! ;)

Ah e fique tranquilo, todas as medidas protetivas com relaÃ§Ã£o Ã  COVID-19 estÃ£o sendo tomadas."
Mensagem de acolhimento ao usuÃ¡rio que fala com a assistente pela primeira vez,"Muito prazer, {{nomeViajante}}! Estamos muito felizes em te ter aqui por alguns dias! ğŸ¥°"
O que informar quando o usuÃ¡rio clicar em Passeios?,"Nosso receptivo oficial Ã© a GROU Turismo, que oferece traslados alÃ©m de passeios e atividades pela regiÃ£o."
O que informar quando o usuÃ¡rio clicar em Explorar o Resort?,Encante-se com esse paraÃ­so que Ã© Costa do SauÃ­pe. ğŸ’›
O que informar caso o usuÃ¡rio ainda nÃ£o tenha reserva de hospedagem e queria realizar?,"Ainda nÃ£o tem uma reserva? Corre para garantir os melhores preÃ§os â¤ï¸
Vou te ajudar... vamos lÃ¡!"
O que responder se perguntarem sobre a possibilidade de estender a reserva?,"NÃ£o se preocupe. Vou te ajudar a prolongar o seu check-out. ğŸ˜Š

Para o atendimento humano verificar a disponibilidade com o seu hotel, acesse as opÃ§Ãµes: Menu Principal -> Solicitar serviÃ§os -> Outros -> Late Check-out.
"
O que responder se perguntarem sobre city tour?,"Eu amo a Bahia e espero que vocÃª goste tambÃ©m! Para vocÃª conhecer mais desse lugar incrÃ­vel, temos aqui no completo tem o SauÃ­pe Services que cuida dos passeios para fora do Resort, com diversas opÃ§Ãµes como Praia do Forte, city tour em Salvador, passeio de quadriciclo, de lancha e muito mais! ğŸ˜ AtravÃ©s do ramal 8553 vocÃª consegue ter mais informaÃ§Ãµes e tirar todas as suas dÃºvidas. Ou se preferir, pode entrar em contato direto com o nosso parceiro GROU pelo nÃºmero (71) 99973-3582. Divirta-se!! ğŸ˜"
O que responder se perguntarem se o hotel tem salva-vidas?,"Temos salva-vidas para garantir a seguranÃ§a de todos, eles ficam na piscina atÃ© as 18h."
O que responder se o hÃ³spede pedir para mudar de quarto?,RevisÃ£o - Aviva
O que responder se o hÃ³spede alegar que o quarto nÃ£o estÃ¡ limpo?,RevisÃ£o - Aviva
O que responder se perguntarem o que tem para fazer com as crianÃ§as?,"Vou te contar um segredo: Aqui estÃ¡ cheio de atividades infantis que acontecem durante o dia. O time de recreaÃ§Ã£o realiza vÃ¡rias atividades com as crianÃ§as. Nesse momento, todas sÃ£o ao ar livre e com limitaÃ§Ã£o do nÃºmero de crianÃ§as."
O que responder se perguntarem sobre horÃ¡rio das piscinas?,"As piscinas abrem Ã s 09h e fecha Ã s 18h. ApÃ³s esse horÃ¡rio nÃ£o possui mais salva-vidas, entÃ£o nÃ£o Ã© recomendÃ¡vel a utilizaÃ§Ã£o."
O que responder se perguntarem qual a distÃ¢ncia e quanto tempo o hotel fica do aeroporto?,RevisÃ£o - Aviva
O que responder se o hÃ³spede perguntar sobre a possibilidade de colocar um berÃ§o no quarto?,RevisÃ£o - Aviva
O que responder se perguntarem se o hotel tem adaptador de tomada para emprestar ou comprar?,RevisÃ£o - Aviva
O que responder se perguntarem se tem ferro no quarto ou emprÃ©stimo?,RevisÃ£o - Aviva
O que responder se perguntarem por dicas do que levar na mala para o hotel/destino?,"Alguns itens nÃ£o podem ficar de fora da sua mala: roupas leves, chapÃ©us ou bonÃ©s, Ã³culos de sol, calÃ§ados arejados (como papetes, sandÃ¡lias e chinelos), filtro solar, roupÃ£o, mÃ¡quina fotogrÃ¡fica e Ã© claro, muita disposiÃ§Ã£o!"
O que responder se perguntarem sobre dicas do que fazer com crianÃ§as fora do hotel?,"Eu amo a Bahia e espero que vocÃª goste tambÃ©m! Para vocÃª conhecer mais desse lugar incrÃ­vel, temos aqui no completo tem o SauÃ­pe Services que cuida dos passeios para fora do Resort, com diversas opÃ§Ãµes como Praia do Forte, city tour em Salvador, passeio de quadriciclo, de lancha e muito mais! ğŸ˜ AtravÃ©s do ramal 8553 vocÃª consegue ter mais informaÃ§Ãµes e tirar todas as suas dÃºvidas. Ou se preferir, pode entrar em contato direto com o nosso parceiro GROU pelo nÃºmero (71) 99973-3582. Divirta-se!! ğŸ˜"
O que responder se perguntarem qual o procedimento quando perde o cartÃ£o / chave de acesso ao quarto?,RevisÃ£o - Aviva
O que responder se perguntarem qual a distÃ¢ncia e quanto tempo Ã© do hotel atÃ© o centro da cidade?,RevisÃ£o - Aviva
O que responder se perguntarem sobre quais sÃ£o os canais que passam na TV?,RevisÃ£o - Aviva
O que a assistente deve responder se perguntarem sobre horÃ¡rio do spÃ¡?,"As cabanas de massagens encontram-se prÃ³ximas Ã s piscinas das alas Premium Brisa, Premium Sol, Mar e Terra. O horÃ¡rio de funcionamento Ã© das 09h Ã s 18h. Para mais informaÃ§Ãµes e reservas, Ã© sÃ³ ligar no ramal 9. ğŸ˜‰"
"O que responder se o hÃ³spede perguntar se tem shampoo, condicionador e sabonete? Como faz para pedir extras?",Todos os apartamentos possuem shampoo e condicionador para sua comodidade.
O que informar caso nÃ£o tenha atendentes disponÃ­ves no momento da solicitaÃ§Ã£o?,"Opss! Infelizmente nÃ£o temos atendentes disponÃ­veis no momento para te atender por aqui. Mas olha sÃ³, caso vocÃª esteja no hotel, fique Ã  vontade para ligar na recepÃ§Ã£o atravÃ©s do ramal *9. Nossa equipe estarÃ¡ pronta para te atender! ğŸ˜‰"
O que informar quando o usuÃ¡rio clicar em Feedback.,"Sua avaliaÃ§Ã£o Ã© muito importante para nÃ³s, assim podemos melhorar a cada dia ğŸ˜Š"
OrientaÃ§Ãµes sobre como realizar o check-out,O checkout Ã© feito ao 12h com tolerÃ¢ncia de 30 minutos. ApÃ³s esse horÃ¡rio Ã© cobrado um valor adicional por pessoa atÃ© as 14h. Pode ir atÃ© a recepÃ§Ã£o que faremos seu checkout.
OrientaÃ§Ãµes sobre como realizar o check-in,VocÃª pode acessar o sistema e realizar o web check-in atravÃ©s do link: https://webcheckin.aviva.com.br/ Assim vocÃª evita filas e agiliza a sua entrada no hotel. ğŸ˜Š
Qual a mensagem a ser enviada quando o cliente pedir para encerrar o atendimento?,"Agradecemos o seu contato, volte sempre que precisar. ğŸ˜‰"
Qual a mensagem a assistente deve enviar para pedir que o usuÃ¡rio descreva em uma Ãºnica mensagem a sua solicitaÃ§Ã£o/dÃºvida?,Obrigada! Agora vou pedir para que vocÃª me descreva em uma Ãºnica mensagem qual a sua solicitaÃ§Ã£o. Pode escrever! ğŸ˜
Qual mensagem enviar para o usuÃ¡rio antes de enviÃ¡-lo para atendimento humano?,"Legal, vi que temos alguÃ©m para te ajudar! ğŸ‘©â€ğŸ’»ğŸ‘¨â€ğŸ’» SÃ³ um momento que jÃ¡ estou te direcionando..."
Mensagem a ser enviada antes das opÃ§Ãµes do Room Service:,RevisÃ£o - Aviva
Link da imagem do mapa,RevisÃ£o - Aviva
Descreve os horÃ¡rios que devem ser mostrados pela assistente:,"Fique por dentro de *nossos horÃ¡rios*: 

* Check-in: a partir das 15h 
* Check-out: atÃ© Ã s 12h 
* CafÃ© da manhÃ£: das 07h Ã s 10h30 
* AlmoÃ§o: das 12h30 Ã s 15h 
* Jantar: das 19h Ã s 22h30 
* Ceia: 23h30 Ã s 05h 
* Restaurantes a la carte: das 19h Ã s 22h 
* Piscinas: das 08h Ã s 18h. 

Lembrando que pelo nosso aplicativo, vocÃª pode agendar a sua refeiÃ§Ã£o. JÃ¡ baixou? https://linktr.ee/costadosauipe"
Mensagem de confimaÃ§Ã£o do pedido de reposiÃ§Ã£o,RevisÃ£o - Aviva
Mensagem de confimaÃ§Ã£o do pedido de comida,RevisÃ£o - Aviva
Mensagem de instruÃ§Ã£o para envio do pedido de reposiÃ§Ã£o do frigobar,RevisÃ£o - Aviva
"Qual mensagem enviar assim que o usuÃ¡rio clicar em Mapa, antes de enviar a imagem?",RevisÃ£o - Aviva
"O que informar quando o usuÃ¡rio clicar em PrevisÃ£o do Tempo, antes de mostrar a previsÃ£o?","NÃ£o sou meteorologista, mas tenho as minhas fontes! :) Veja sÃ³ como estÃ¡ em Costa do SauÃ­pe:"
O que informar quando o usuÃ¡rio clicar em RecreaÃ§Ã£o Infantil?,"Olha sÃ³ a programaÃ§Ã£o especial que temos para a crianÃ§ada! ğŸ­
"
O que informar apÃ³s o usuÃ¡rio selecionar Extrato?,ğŸ§¾ Segue o extrato da sua estadia conosco:
O que informar apÃ³s o usuÃ¡rio selecionar Minha reserva?,Aqui vocÃª pode gerenciar sua reserva. âš™ï¸
Mensagem sobre as opÃ§Ãµes antes do envio do cardÃ¡pio,RevisÃ£o - Aviva
InformaÃ§Ã£o sobre como acessar o wi-fi,"Para utilizar o wi-fi, basta procurar a rede *Aviva* e conectar Ã  ela. Em seguida irÃ¡ abrir uma pÃ¡gina onde serÃ¡ necessario colocar o *e-mail* e *telefone*, ou uma *rede social*. ApÃ³s este cadastro, o sinal jÃ¡ estarÃ¡ liberado e pronto para uso ğŸ˜‰"
"O que informar quando o usuÃ¡rio clicar em Bares & Restaurantes, antes de mostrar as opÃ§Ãµes?","Hum, bateu a fome nÃ©? ğŸ˜‹"
O que responder se o hÃ³spede perguntar sobre restriÃ§Ã£o alimentar?,RevisÃ£o - Aviva
O que a assistente deve responder quando perguntarem sobre energia do apartamento?,"Ao realizar o check-in vocÃª recebe um cartÃ£o de energia. Para utilizar, basta colocar o cartÃ£o no suporte prÃ³ximo a entrada do apartamento para ativar a energia."
O que responder se o hÃ³spede perguntar tem algum espaÃ§o para trabalho?,Todos os apartamentos possuem Ã¡rea de trabalho para sua comodidade.
O que responder quando pedirem um travesseiro extra?,RevisÃ£o - Aviva
O que responder se perguntarem sobre serviÃ§o de babÃ¡?,RevisÃ£o - Aviva
O que responder se perguntarem sobre Ã¡rea para fumantes e se tem quarto para fumantes?,"NÃ£o Ã© permitido fumar nos quartos, apenas em Ã¡reas especÃ­ficas para fumantes."
O que responder nas perguntas sobre amenities disponÃ­veis?,RevisÃ£o - Aviva
O que responder nas perguntas sobre secador de cabelo?,"Nas categorias Resorts e Premium todos os apartamentos tÃªm secador de cabelo. Na categoria Pousadas, vocÃª pode consultar a recepÃ§Ã£o se hÃ¡ algum disponÃ­vel para emprÃ©stimo."
"O que responder nas perguntas sobre massagens, massoterapeuta?","As cabanas de massagens encontram-se prÃ³ximas Ã s piscinas das alas Premium Brisa, Premium Sol, Mar e Terra. O horÃ¡rio de funcionamento Ã© das 09h Ã s 18h. Para mais informaÃ§Ãµes e reservas, Ã© entrar em contato com a nossa equipe de atendimento humano atravÃ©s do menu principal."
O que responder se perguntarem se tem escova de dente e pasta de dente para vender?,RevisÃ£o - Aviva
O que responder se o hÃ³spede informar que estÃ¡ com algum problema de manutenÃ§Ã£o/infra-estrutura no quarto?,"Para qualquer tipo de solicitaÃ§Ã£o de manutenÃ§Ã£o nos quartos, vocÃª pode entrar em contato com a Premium Service atravÃ©s, Ã© sÃ³ digitar 9 do seu quarto, para que eles acionem o quanto antes alguÃ©m para fazer a manutenÃ§Ã£o. Vai dar tudo certo, eles sÃ£o feras! ;)"
O que responder se perguntarem sobre dicas de restaurantes fora do hotel?,"Temos 3 restaurantes incrÃ­veis! ğŸ˜‰
- *BaÃªa*, com comida tÃ­pica baiana.
_*Dias de Funcionamento*_: Quartas-feiras e sextas-feiras
- *Benditos Frutos*, com cardÃ¡pio especial de frutos do mar.
_*Dias de Funcionamento*_: Segundas-feiras, quintas-feiras e sÃ¡bados
- *La Villa*, com menus degustaÃ§Ã£o e foco na cozinha contemporÃ¢nea.
_*Dias de Funcionamento*_: Todos os dias exceto segundas-feiras
ğŸ“ŒTodos eles tem o *horÃ¡rio de funcionamento* das 19h Ã s 22h30.
ğŸ“ŒNecessÃ¡rio fazer *reserva* antecipadamente - consulte a recepÃ§Ã£o ou ligue no ramal 9 para o agendamento."
O que responder quando perguntarem sobre o que o quarto dispÃµe?,"Todos os quartos possuem travesseiros, lenÃ§Ã³is, toalhas de banho, de piso e de rosto, shampoo, condicionar, sabonete, secador de cabelo, cofre, ar-condicionado, TV, telefone, frigobar e armÃ¡rio com cabides."
Mensagem ao usuÃ¡rio enquanto a assistente verifica se tem atendentes disponÃ­veis:,Hum.. sÃ³ um minutinho..
O que a assistente deve mandar quando perguntarem sobre lazeres fora do resort?,Aqui na regiÃ£o temos lindas praias. As mais prÃ³ximas fora do resort sÃ£o ImbassaÃ­ e Praia do Forte. VocÃª pode procurar a GROU na Vila Nova da Praia para conhecer um pouco mais as opÃ§Ãµes de passeio.
"O que informar quando o usuÃ¡rio clicar em PromoÃ§Ãµes, antes de mostrar as opÃ§Ãµes?","Para ficar por dentro das nossa promoÃ§Ãµes e novidades, acompanhe nossa redes socias e nÃ£o perca nenhum detalhe."
O que responder quando perguntarem sobre as acomodaÃ§Ãµes?,RevisÃ£o - Aviva
O que responder quando perguntarem sobre day use?,"Devido Ã  pandemia do COVID-19, estamos com ocupaÃ§Ã£o e capacidade reduzidas. Por isso, neste perÃ­odo o acesso fica restrito para hÃ³spedes."
"O que a assistente deve responder quando mandarem ""Feliz Natal""?",Oba! Feliz Natal para vocÃª tambÃ©m ğŸ…
"O que a assistente deve responder quando mandarem ""Feliz Ano Novo""?",RevisÃ£o - Aviva
O que informar quando o usuÃ¡rio clicar em lazer/atraÃ§Ãµes?,"Boa escolha! Vem comigo, vou te mostrar tudo de legal que temos por aqui ğŸ˜‰"
O que mandar de introduÃ§Ã£o ao conteÃºdo de serviÃ§os?,Aqui no resort temos alguns serviÃ§os disponÃ­veis para a sua comodidade!
"Qual mensagem enviar assim que o usuÃ¡rio clicar no menu de bem estar, antes de mostrar as opÃ§Ãµes?",Olha sÃ³ as opÃ§Ãµes que temos para vocÃª poder relaxar e se sentir bem:
O que a assistente deve responder quando perguntarem sobre horÃ¡rio do checkin?,"O check-in Ã© feito a partir das 15h. VocÃª sabia que pode realizar o web ckeck in? Ã‰ sÃ³ clicar nesse link: http://webcheckin.aviva.com.br/ e realizar tudo de forma antecipada e sem contato. Assim, todos nos mantemos seguros principalmente neste perÃ­odo de pandemia."
Mensagem de acolhimento ao usuÃ¡rio que estÃ¡ retornando,"Que bom falar com vocÃª novamente, {{nomeViajante}}! ğŸ’›"
O que a assistente deve responder quando perguntarem como chegar ao resort/hotel?,"*De carro* Saindo de Salvador, basta seguir em direÃ§Ã£o as praias do Norte pela linha verde (tambÃ©m conhecida com BA099). VÃ¡ atÃ© o Km 74, no MunicÃ­pio de Mata de SÃ£o JoÃ£o, a pista Ã© muito boa e bastante sinalizada.
*De Transfer* O serviÃ§o de translado pode ser contratado em diversas empresas locais, que custa R$ 130 reais por pessoa em mÃ©dia. As crianÃ§as atÃ© 11 anos pagam metade do valor, este valor Ã© para o trecho Aeroporto/Costa do SauÃ­pe â€“ Costa do SauÃ­pe/Aeroporto."
O que a assistente deve responder quando perguntarem sobre o que pode ser consumido no all inclusive?,"O All Inclusive contempla cafÃ© da manhÃ£, almoÃ§o, jantar, petiscos variados, nos restaurantes, bares ou Ã  beira da piscina do seu hotel, a ceia na madrugada com todas as bebidas inclusas obedecendo os horÃ¡rios de funcionamentos de cada restaurante."
O que a assistente deve responder quando perguntarem sobre check-in e checkout diferenciado?,"O horÃ¡rio padrÃ£o do nosso check-in Ã© a partir das 15:00h e o check out atÃ© as 12:00h Para a entrada antecipada ou saÃ­da tardia serÃ¡ mediante a disponibilidade do dia e sujeita a cobranÃ§a de taxas extras, que poderÃ¡ ser verificado diretamente na recepÃ§Ã£o do hotel."
O que a assistente deve responder se perguntarem sobre horÃ¡rio do restaurante?,RevisÃ£o - Aviva
Qual promoÃ§Ã£o vigente?,RevisÃ£o - Aviva
O que responder em casos de assÃ©dio?,"OlÃ¡! Sentimos muito que tenha passado por essa situaÃ§Ã£o. ğŸ™

Na Aviva, acreditamos na transformaÃ§Ã£o cultura e em uma sociedade mais inclusiva. NÃ£o compactuamos com atitudes de preconceito, violÃªncia e desmerecimento do prÃ³ximo.

Caso deseje, nos envie uma mensagem contando mais detalhes sobre o ocorrido atravÃ©s das opÃ§Ãµes Menu principal -> Feedback, se preferir, vocÃª tambÃ©m pode realizar uma denÃºncia pelo Canal de Ã‰tica: https://canaldeetica.com.br/avivaalgarflc/.

Estamos aqui para te ajudar!"
O que responder em casos de preconceito?,"OlÃ¡! Sentimos muito que tenha passado por essa situaÃ§Ã£o. ğŸ™

Na Aviva, acreditamos na transformaÃ§Ã£o cultura e em uma sociedade mais inclusiva. NÃ£o compactuamos com atitudes de preconceito, violÃªncia e desmerecimento do prÃ³ximo.

Caso deseje, nos envie uma mensagem contando mais detalhes sobre o ocorrido atravÃ©s das opÃ§Ãµes Menu principal -> Feedback, se preferir, vocÃª tambÃ©m pode realizar uma denÃºncia pelo Canal de Ã‰tica: https://canaldeetica.com.br/avivaalgarflc/.

Estamos aqui para te ajudar!"
Qual a mensagem enviar quando a assistente nÃ£o reconheceu o nome informado pelo cliente e vamos solicitar novamente?,"Desculpe, nÃ£o consegui entender! ğŸ˜• Vamos tentar de novo?
"
Mensagem de introduÃ§Ã£o para Late Checkout,Vamos lÃ¡! Estou feliz com a possibilidade de termos mais tempo juntos!! ğŸ˜ğŸ˜
Mensagem para perguntar em que hotel o hospede estÃ¡,"SÃ³ me diz uma coisa, onde vocÃª estÃ¡ hospedado mesmo?"
InformaÃ§Ãµes sobre Late Checkout para Ala Terra,"Ala Terra
ğŸ‘‰ğŸ» Early check-in entre 7h e 11h: R$80 por adulto
ğŸ‘‰ğŸ» Late check-out atÃ© Ã s 14h: R$80 por adulto com apartamento
ğŸ‘‰ğŸ» Late check-out atÃ© Ã s 18h: R$160 por adulto com apartamento"
InformaÃ§Ãµes sobre Late Checkout para Ala Sol,"ğŸ‘‰ğŸ» Early check-in entre 7h e 11h: R$120 por adulto
ğŸ‘‰ğŸ» Late check-out atÃ© Ã s 14h: R$120 por adulto com apartamento
ğŸ‘‰ğŸ» Late check-out atÃ© Ã s 18h: R$240 por adulto com apartamento"
InformaÃ§Ãµes sobre Late Checkout para Premium Brisa,"ğŸ‘‰ğŸ» Early check-in entre 7h e 11h: R$150 por adulto
ğŸ‘‰ğŸ» Late check-out atÃ© Ã s 14h: R$150 por adulto com apartamento
ğŸ‘‰ğŸ» Late check-out atÃ© Ã s 18h: R$300 por adulto com apartamento"
Mensagem para enviar antes de direcionar para o fluxo de agendamento de massagem,"ğŸ‘‰ğŸ» Em nossa lista de agendamentos, os itens âœ… estÃ£o inclusos na sua experiencia e os itens com ğŸ’² poderÃ£o ser adicionados Ã  sua conta para pagamento no check-out."
Mensagem para enviar antes de direcionar para o fluxo de agendamento,"ğŸ‘‰ğŸ» Em nossa lista de agendamentos, os itens âœ… estÃ£o inclusos na sua experiencia e os itens com ğŸ’² poderÃ£o ser adicionados Ã  sua conta para pagamento no check-out. 

ğŸ‘‰ğŸ» Lembrando que para jantares nos restaurantes Ã  la carte, o agendamento deve ser feito das 9h00 Ã s 15h00."
Dica para ser enviada na sexta-feira:,"*DICAS DA SOL ğŸ˜*
ğŸ“Œ*RecreaÃ§Ã£o Kids:* HorÃ¡rio de Funcionamento: 09:00 Ã s 12:30 // 14:00 Ã s 16:00 . A Toca da Turminha da Zooeira estÃ¡ de braÃ§os abertos para receber nos pequenxs. Devido aos protocolos, estamos com algumas mudanÃ§as, entÃ£o atente-se ao horÃ¡rio de funcionamento. No mais, deixe conosco que proporcionaremos experiÃªncias incrÃ­veis.
ğŸ“ŒDevido a Covid-19 e para sua seguranÃ§a e de todas sua famÃ­lia, todas as nossas atividades (Infantil, Hotel e Quadras) estÃ£o sendo realizadas com um nÃºmero limitado de participantes e para participar Ã© necessÃ¡rio se inscrever com o monitor.
ğŸ“ŒAproveite a IndicaÃ§Ã£o das TÃ¡buas de MarÃ©: Baixa ideal para curtir a praia com as crianÃ§as, tirar uma linda foto entre as pedras e tambÃ©m aproveitar as piscinas naturais; Alta fique atento, mas aproveite para pegar aquela onda!
ğŸ“ŒProgramaÃ§Ã£o estÃ¡ sujeita a alteraÃ§Ã£o.
ğŸ“ŒNÃ£o se esqueÃ§a de passar nas nossas lojinhas lÃ¡ na Vila Nova da Praia. Lembrando que para compras lÃ¡, vocÃª precisa levar dinheiro e/ou cartÃ£o de crÃ©dito.
ğŸ“Œ Praia estÃ¡ com reduÃ§Ã£o de espreguiÃ§adeiras e o serviÃ§o estÃ¡ funcionando com cuidados redobrados ğŸ–ï¸   Mas lembre-se sempre de respeitar o distanciamento ğŸ˜‰
ğŸ“ŒAs luzes das quadras de TÃªnis sÃ³ funcionam das 18h as 20h
ğŸ“ŒJÃ¡ separamos uma playlist especial para vocÃª. Por isso, e em respeito aos demais hÃ³spedes, **nÃ£o Ã© permitido o uso de caixas de som** ğŸ”ˆ"
Dica para ser enviada na segunda-feira:,"*DICAS DA SOL ğŸ˜*
ğŸ“Œ*RecreaÃ§Ã£o Kids:* HorÃ¡rio de Funcionamento: 09:00 Ã s 12:30 // 14:00 Ã s 16:00 . A Toca da Turminha da Zooeira estÃ¡ de braÃ§os abertos para receber nos pequenxs. Devido aos protocolos, estamos com algumas mudanÃ§as, entÃ£o atente-se ao horÃ¡rio de funcionamento. No mais, deixe conosco que proporcionaremos experiÃªncias incrÃ­veis.
ğŸ“ŒDevido a Covid-19 e para sua seguranÃ§a e de todas sua famÃ­lia, todas as nossas atividades (Infantil, Hotel e Quadras) estÃ£o sendo realizadas com um nÃºmero limitado de participantes e para participar Ã© necessÃ¡rio se inscrever com o monitor.
ğŸ“ŒAproveite a IndicaÃ§Ã£o das TÃ¡buas de MarÃ©: Baixa ideal para curtir a praia com as crianÃ§as, tirar uma linda foto entre as pedras e tambÃ©m aproveitar as piscinas naturais; Alta fique atento, mas aproveite para pegar aquela onda!
ğŸ“ŒProgramaÃ§Ã£o estÃ¡ sujeita a alteraÃ§Ã£o.
ğŸ“ŒNÃ£o se esqueÃ§a de passar nas nossas lojinhas lÃ¡ na Vila Nova da Praia. Lembrando que para compras lÃ¡, vocÃª precisa levar dinheiro e/ou cartÃ£o de crÃ©dito.
ğŸ“Œ Praia estÃ¡ com reduÃ§Ã£o de espreguiÃ§adeiras e o serviÃ§o estÃ¡ funcionando com cuidados redobrados ğŸ–ï¸   Mas lembre-se sempre de respeitar o distanciamento ğŸ˜‰
ğŸ“ŒAs luzes das quadras de TÃªnis sÃ³ funcionam das 18h as 20h
ğŸ“ŒJÃ¡ separamos uma playlist especial para vocÃª. Por isso, e em respeito aos demais hÃ³spedes, **nÃ£o Ã© permitido o uso de caixas de som** ğŸ”ˆ"
Dica para ser enviada no SÃ¡bado:,"*DICAS DA SOL ğŸ˜*
ğŸ“Œ*RecreaÃ§Ã£o Kids:* HorÃ¡rio de Funcionamento: 09:00 Ã s 12:30 // 14:00 Ã s 16:00 . A Toca da Turminha da Zooeira estÃ¡ de braÃ§os abertos para receber nos pequenxs. Devido aos protocolos, estamos com algumas mudanÃ§as, entÃ£o atente-se ao horÃ¡rio de funcionamento. No mais, deixe conosco que proporcionaremos experiÃªncias incrÃ­veis.
ğŸ“ŒDevido a Covid-19 e para sua seguranÃ§a e de todas sua famÃ­lia, todas as nossas atividades (Infantil, Hotel e Quadras) estÃ£o sendo realizadas com um nÃºmero limitado de participantes e para participar Ã© necessÃ¡rio se inscrever com o monitor.
ğŸ“ŒAproveite a IndicaÃ§Ã£o das TÃ¡buas de MarÃ©: Baixa ideal para curtir a praia com as crianÃ§as, tirar uma linda foto entre as pedras e tambÃ©m aproveitar as piscinas naturais; Alta fique atento, mas aproveite para pegar aquela onda!
ğŸ“ŒProgramaÃ§Ã£o estÃ¡ sujeita a alteraÃ§Ã£o.
ğŸ“ŒNÃ£o se esqueÃ§a de passar nas nossas lojinhas lÃ¡ na Vila Nova da Praia. Lembrando que para compras lÃ¡, vocÃª precisa levar dinheiro e/ou cartÃ£o de crÃ©dito.
ğŸ“Œ Praia estÃ¡ com reduÃ§Ã£o de espreguiÃ§adeiras e o serviÃ§o estÃ¡ funcionando com cuidados redobrados ğŸ–ï¸   Mas lembre-se sempre de respeitar o distanciamento ğŸ˜‰
ğŸ“ŒAs luzes das quadras de TÃªnis sÃ³ funcionam das 18h as 20h
ğŸ“ŒJÃ¡ separamos uma playlist especial para vocÃª. Por isso, e em respeito aos demais hÃ³spedes, **nÃ£o Ã© permitido o uso de caixas de som** ğŸ”ˆ"
Dica para ser enviada no domingo:,"*DICAS DA SOL ğŸ˜*
ğŸ“Œ*RecreaÃ§Ã£o Kids:* HorÃ¡rio de Funcionamento: 09:00 Ã s 12:30 // 14:00 Ã s 16:00 . A Toca da Turminha da Zooeira estÃ¡ de braÃ§os abertos para receber nos pequenxs. Devido aos protocolos, estamos com algumas mudanÃ§as, entÃ£o atente-se ao horÃ¡rio de funcionamento. No mais, deixe conosco que proporcionaremos experiÃªncias incrÃ­veis.
ğŸ“ŒDevido a Covid-19 e para sua seguranÃ§a e de todas sua famÃ­lia, todas as nossas atividades (Infantil, Hotel e Quadras) estÃ£o sendo realizadas com um nÃºmero limitado de participantes e para participar Ã© necessÃ¡rio se inscrever com o monitor.
ğŸ“ŒAproveite a IndicaÃ§Ã£o das TÃ¡buas de MarÃ©: Baixa ideal para curtir a praia com as crianÃ§as, tirar uma linda foto entre as pedras e tambÃ©m aproveitar as piscinas naturais; Alta fique atento, mas aproveite para pegar aquela onda!
ğŸ“ŒProgramaÃ§Ã£o estÃ¡ sujeita a alteraÃ§Ã£o.
ğŸ“ŒNÃ£o se esqueÃ§a de passar nas nossas lojinhas lÃ¡ na Vila Nova da Praia. Lembrando que para compras lÃ¡, vocÃª precisa levar dinheiro e/ou cartÃ£o de crÃ©dito.
ğŸ“Œ Praia estÃ¡ com reduÃ§Ã£o de espreguiÃ§adeiras e o serviÃ§o estÃ¡ funcionando com cuidados redobrados ğŸ–ï¸   Mas lembre-se sempre de respeitar o distanciamento ğŸ˜‰
ğŸ“ŒAs luzes das quadras de TÃªnis sÃ³ funcionam das 18h as 20h
ğŸ“ŒJÃ¡ separamos uma playlist especial para vocÃª. Por isso, e em respeito aos demais hÃ³spedes, **nÃ£o Ã© permitido o uso de caixas de som** ğŸ”ˆ"
Dica para ser enviada na quinta-feira:,"*DICAS DA SOL ğŸ˜*
ğŸ“Œ*RecreaÃ§Ã£o Kids:* HorÃ¡rio de Funcionamento: 09:00 Ã s 12:30 // 14:00 Ã s 16:00 . A Toca da Turminha da Zooeira estÃ¡ de braÃ§os abertos para receber nos pequenxs. Devido aos protocolos, estamos com algumas mudanÃ§as, entÃ£o atente-se ao horÃ¡rio de funcionamento. No mais, deixe conosco que proporcionaremos experiÃªncias incrÃ­veis.
ğŸ“ŒDevido a Covid-19 e para sua seguranÃ§a e de todas sua famÃ­lia, todas as nossas atividades (Infantil, Hotel e Quadras) estÃ£o sendo realizadas com um nÃºmero limitado de participantes e para participar Ã© necessÃ¡rio se inscrever com o monitor.
ğŸ“ŒAproveite a IndicaÃ§Ã£o das TÃ¡buas de MarÃ©: Baixa ideal para curtir a praia com as crianÃ§as, tirar uma linda foto entre as pedras e tambÃ©m aproveitar as piscinas naturais; Alta fique atento, mas aproveite para pegar aquela onda!
ğŸ“ŒProgramaÃ§Ã£o estÃ¡ sujeita a alteraÃ§Ã£o.
ğŸ“ŒNÃ£o se esqueÃ§a de passar nas nossas lojinhas lÃ¡ na Vila Nova da Praia. Lembrando que para compras lÃ¡, vocÃª precisa levar dinheiro e/ou cartÃ£o de crÃ©dito.
ğŸ“Œ Praia estÃ¡ com reduÃ§Ã£o de espreguiÃ§adeiras e o serviÃ§o estÃ¡ funcionando com cuidados redobrados ğŸ–ï¸   Mas lembre-se sempre de respeitar o distanciamento ğŸ˜‰
ğŸ“ŒAs luzes das quadras de TÃªnis sÃ³ funcionam das 18h as 20h
ğŸ“ŒJÃ¡ separamos uma playlist especial para vocÃª. Por isso, e em respeito aos demais hÃ³spedes, **nÃ£o Ã© permitido o uso de caixas de som** ğŸ”ˆ"
Dica para ser enviada na terÃ§a-feira:,"*DICAS DA SOL ğŸ˜*
ğŸ“Œ*RecreaÃ§Ã£o Kids:* HorÃ¡rio de Funcionamento: 09:00 Ã s 12:30 // 14:00 Ã s 16:00 . A Toca da Turminha da Zooeira estÃ¡ de braÃ§os abertos para receber nos pequenxs. Devido aos protocolos, estamos com algumas mudanÃ§as, entÃ£o atente-se ao horÃ¡rio de funcionamento. No mais, deixe conosco que proporcionaremos experiÃªncias incrÃ­veis.
ğŸ“ŒDevido a Covid-19 e para sua seguranÃ§a e de todas sua famÃ­lia, todas as nossas atividades (Infantil, Hotel e Quadras) estÃ£o sendo realizadas com um nÃºmero limitado de participantes e para participar Ã© necessÃ¡rio se inscrever com o monitor.
ğŸ“ŒAproveite a IndicaÃ§Ã£o das TÃ¡buas de MarÃ©: Baixa ideal para curtir a praia com as crianÃ§as, tirar uma linda foto entre as pedras e tambÃ©m aproveitar as piscinas naturais; Alta fique atento, mas aproveite para pegar aquela onda!
ğŸ“ŒProgramaÃ§Ã£o estÃ¡ sujeita a alteraÃ§Ã£o.
ğŸ“ŒNÃ£o se esqueÃ§a de passar nas nossas lojinhas lÃ¡ na Vila Nova da Praia. Lembrando que para compras lÃ¡, vocÃª precisa levar dinheiro e/ou cartÃ£o de crÃ©dito.
ğŸ“Œ Praia estÃ¡ com reduÃ§Ã£o de espreguiÃ§adeiras e o serviÃ§o estÃ¡ funcionando com cuidados redobrados ğŸ–ï¸   Mas lembre-se sempre de respeitar o distanciamento ğŸ˜‰
ğŸ“ŒAs luzes das quadras de TÃªnis sÃ³ funcionam das 18h as 20h
ğŸ“ŒJÃ¡ separamos uma playlist especial para vocÃª. Por isso, e em respeito aos demais hÃ³spedes, **nÃ£o Ã© permitido o uso de caixas de som** ğŸ”ˆ"
Dica para ser enviada na quarta-feira:,"*DICAS DA SOL ğŸ˜*
ğŸ“Œ*RecreaÃ§Ã£o Kids:* HorÃ¡rio de Funcionamento: 09:00 Ã s 12:30 // 14:00 Ã s 16:00 . A Toca da Turminha da Zooeira estÃ¡ de braÃ§os abertos para receber nos pequenxs. Devido aos protocolos, estamos com algumas mudanÃ§as, entÃ£o atente-se ao horÃ¡rio de funcionamento. No mais, deixe conosco que proporcionaremos experiÃªncias incrÃ­veis.
ğŸ“ŒDevido a Covid-19 e para sua seguranÃ§a e de todas sua famÃ­lia, todas as nossas atividades (Infantil, Hotel e Quadras) estÃ£o sendo realizadas com um nÃºmero limitado de participantes e para participar Ã© necessÃ¡rio se inscrever com o monitor.
ğŸ“ŒAproveite a IndicaÃ§Ã£o das TÃ¡buas de MarÃ©: Baixa ideal para curtir a praia com as crianÃ§as, tirar uma linda foto entre as pedras e tambÃ©m aproveitar as piscinas naturais; Alta fique atento, mas aproveite para pegar aquela onda!
ğŸ“ŒProgramaÃ§Ã£o estÃ¡ sujeita a alteraÃ§Ã£o.
ğŸ“ŒNÃ£o se esqueÃ§a de passar nas nossas lojinhas lÃ¡ na Vila Nova da Praia. Lembrando que para compras lÃ¡, vocÃª precisa levar dinheiro e/ou cartÃ£o de crÃ©dito.
ğŸ“Œ Praia estÃ¡ com reduÃ§Ã£o de espreguiÃ§adeiras e o serviÃ§o estÃ¡ funcionando com cuidados redobrados ğŸ–ï¸   Mas lembre-se sempre de respeitar o distanciamento ğŸ˜‰
ğŸ“ŒAs luzes das quadras de TÃªnis sÃ³ funcionam das 18h as 20h
ğŸ“ŒJÃ¡ separamos uma playlist especial para vocÃª. Por isso, e em respeito aos demais hÃ³spedes, **nÃ£o Ã© permitido o uso de caixas de som** ğŸ”ˆ"
Dica para ser enviada no sÃ¡bado:,"*DICAS DA SOL ğŸ˜*
ğŸ“ŒDevido a Covid-19 e para sua seguranÃ§a e de todas sua famÃ­lia, todas as nossas atividades *(Infantil, Hotel e Quadras)* estÃ£o sendo realizadas com um nÃºmero limitado de participantes e para participar Ã© necessÃ¡rio efetuar a reserva aqui comigo, no menu *agendamentos*;
ğŸ“ŒAproveite a IndicaÃ§Ã£o das TÃ¡buas de MarÃ©: 
	- *Baixa* ideal para curtir a praia com as crinanÃ§as, tirar uma linda foto entre as pedras e tambÃ©m aproveitar as piscinas naturais; 
	- *Alta* fique atento, mas aproveite para pegar aquela onda!
ğŸ“ŒProgramaÃ§Ã£o estÃ¡ sujeita a alteraÃ§Ã£o.
ğŸ“ŒNÃ£o se esqueÃ§a de passar nas nossas lojinhas lÃ¡ na Vila Nova da Praia. Lembrando que para compras lÃ¡, vocÃª precisa levar dinheiro e/ou cartÃ£o de crÃ©dito.
ğŸ“ŒDevido aos protocolos, estamos com algumas mudanÃ§as, entÃ£o atente-se ao horÃ¡rio de funcionamento. No mais, deixe conosco que proporcionaremos experiÃªncias incrÃ­veis.
ğŸ“Œ Praia estÃ¡ com reduÃ§Ã£o de espreguiÃ§adeiras e o serviÃ§o estÃ¡ funcionando com cuidados redobrados ğŸ–ï¸   Mas lembre-se sempre de respeitar o distanciamento ğŸ˜‰
ğŸ“ŒAs luzes das quadras de TÃªnis sÃ³ funcionam das 18h as 20h
ğŸ“ŒJÃ¡ separamos uma playlist especial para vocÃª. Por isso, e em respeito aos demais hÃ³spedes, **nÃ£o Ã© permitido o uso de caixas de som** ğŸ”ˆ"
"O que a assistente deve mandar de ""Dicas da Sol"" apÃ³s enviar a programaÃ§Ã£o infantil?","*DICAS DA SOL ğŸ˜* 

ğŸ“Œ*RecreaÃ§Ã£o Kids:* HorÃ¡rio de Funcionamento: 09:00 Ã s 12:30 // 14:00 Ã s 16:00 . A Toca da Turminha da Zooeira estÃ¡ de braÃ§os abertos para receber nos pequenxs. Devido aos protocolos, estamos com algumas mudanÃ§as, entÃ£o atente-se ao horÃ¡rio de funcionamento. No mais, deixe conosco que proporcionaremos experiÃªncias incrÃ­veis. 
ğŸ“ŒDevido a Covid-19 e para sua seguranÃ§a e de todas sua famÃ­lia, todas as nossas atividades (Infantil, Hotel e Quadras) estÃ£o sendo realizadas com um nÃºmero limitado de participantes e para participar Ã© necessÃ¡rio se inscrever com o monitor. 
ğŸ“ŒAproveite a IndicaÃ§Ã£o das TÃ¡buas de MarÃ©: Baixa ideal para curtir a praia com as crianÃ§as, tirar uma linda foto entre as pedras e tambÃ©m aproveitar as piscinas naturais; Alta fique atento, mas aproveite para pegar aquela onda! 
ğŸ“ŒProgramaÃ§Ã£o estÃ¡ sujeita a alteraÃ§Ã£o. 
ğŸ“ŒNÃ£o se esqueÃ§a de passar nas nossas lojinhas lÃ¡ na Vila Nova da Praia. Lembrando que para compras lÃ¡, vocÃª precisa levar dinheiro e/ou cartÃ£o de crÃ©dito.
ğŸ“ŒAs luzes das quadras de TÃªnis sÃ³ funcionam das 18h as 20h"
Quais os links para avaliaÃ§Ã£o no Tripadvisor,"ğŸ“Œ NÃ£o se esqueÃ§a fazemos tudo com muito carinho pra vc, por isso sua avaliaÃ§Ã£o Ã© muito importante pra gente, clica aqui Ã© fÃ¡cil e rÃ¡pido: 

ğŸ‘‰ğŸ» Hospedado na Premium Brisa: https://bit.ly/39ovQl6 
ğŸ‘‰ğŸ» Hospedado na Ala Sol: https://bit.ly/2YiuH8j 
ğŸ‘‰ğŸ» Hospedado na Ala Terra: https://bit.ly/2YhQInI 
ğŸ‘‰ğŸ» Toca da Zooeira: https://bit.ly/2YhQInI"
Qual  mensagem especial deve ser enviada antes do menu principal?,"ğŸ‘‰ğŸ»Dica do dia:  Preparamos uma programaÃ§Ã£o Especial pra vocÃª, se divertir e se deliciar  em famÃ­lia

Saudade de um SÃ£o JoÃ£o? ArraiÃ´ Ã© a nossa programaÃ§Ã£o especial de Junho e Julho e traz todo o clima junino com muitas atraÃ§Ãµes, brincadeiras e atividades. Confira a programaÃ§Ã£o especial do evento no Menu Principal -> ArraiÃ´. Prepare o chapÃ©u e venha se divertir com seguranÃ§a!  ğŸ¤ "
O que responder sobre Projeto Tamar?,"O litoral norte da Bahia Ã© uma das mais importantes Ã¡reas reprodutivas de tartarugas marinhas no Brasil. ğŸ¢
Durante a Ã©poca de desova as praias sÃ£o monitoradas por uma equipe de pesquisadores da FundaÃ§Ã£o Projeto Tamar, que identifica, marca e monitora os ninhos atÃ© o nascimento dos filhotes. 

ğŸ‘‰ğŸ¼ Visite o Centro de Visitantes em Praia do Forte para conhecer e colaborar com esse importante trabalho de conservaÃ§Ã£o marinha e veja esses animais incrÃ­veis de pertinho! 
Saiba mais: site ou appFale conosco: whatsapp CV"
Aceitam crianÃ§as na hospedagem?,"Sim, aceitamos! ğŸ˜Š

A Costa do SauÃ­pe Ã© o melhor destino de viagem para a crianÃ§ada.
"
Aceitam idoso na hospedagem?,"Sim, aceitamos! ğŸ˜Š

A Costa do SauÃ­pe Ã© o melhor lugar para o turismo na terceira idade.

"
Tem desconto para terceira idade?,"Vamos lÃ¡! ğŸ˜Š

VocÃª pode conferir todas as nossas condiÃ§Ãµes especiais atravÃ©s do site: https://www.costadosauipe.com.br/pacotes-promocionais. Aproveite e garanta uma viagem esplÃªndida!
"
Tem desconto para crianÃ§a?,"Vamos lÃ¡! ğŸ˜Š

VocÃª pode conferir todas as nossas condiÃ§Ãµes especiais atravÃ©s do site: https://www.costadosauipe.com.br/pacotes-promocionais. Vem planejar suas prÃ³ximas fÃ©rias com a gente! 
"
Preciso fazer teste PCR para me hospedar?,"Seguindo os protocolos municipais da Costa do SauÃ­pe, atualmente, nÃ£o hÃ¡ necessidade de apresentar teste PCR ou qualquer outro teste de Covid-19.
"
"Qual mensagem enviar de inÃ­cio, antes do menu principal?","Vou te mostrar as opÃ§Ãµes, caso nenhuma te atenda, tente digitar o que vocÃª precisa."
"Qual mensagem enviar quando o usuÃ¡rio escolher a opÃ§Ã£o ""FaÃ§a sua solicitaÃ§Ã£o"" no menu principal?","Vou te mostrar as solicitaÃ§Ãµes que mais atendo por aqui, escolha a opÃ§Ã£o desejada:"
Quais sÃ£o os horÃ¡rios de funcionamento geral do local que o hÃ³spede precisa saber?,"ğŸ•‘ Fique por dentro dos nossos horÃ¡rios: 

ğŸ›„ *Check-in*: a partir das 15h. Para entrar antes deste horÃ¡rio, verifique a disponibilidade e valores com a recepÃ§Ã£o do seu hotel.

ğŸ›ï¸ *Check-out*: atÃ© Ã s 12h, apÃ³s esse horÃ¡rio serÃ¡ cobrado um valor Ã  parte â€” verificar condiÃ§Ã£o e disponibilidade na recepÃ§Ã£o.

ğŸ½ï¸ *Restaurantes dos hotÃ©is*:

CafÃ© da manhÃ£: 07h Ã s 10h30 
AlmoÃ§o: 12h30 Ã s 15h 
Jantar: 19h Ã s 22h 
Ceia: 23h30 Ã s 05h 

ğŸ‘¶ *Copa do bebÃª*: 24h

ğŸ¥˜ *Restaurantes TemÃ¡ticos*: 19h Ã s 22h | Mediante agendamento na Sol.

ğŸ¹ *Bares*: 
Bar do lobby: 10h Ã  01h
Bares das piscinas: 10h Ã s 18h
Restaurantes das piscinas | Os petiscos sÃ£o servidos das 11h Ã s 18h.

ğŸŠâ€â™€ï¸ *Piscinas dos hotÃ©is*: 08h Ã s 18h

ğŸš— *Transfer*: 
    8h30| a cada 30min
    ApÃ³s Ã s 23h | Mediante solicitaÃ§Ã£o na recepÃ§Ã£o.

ğŸ’Š *FarmÃ¡cia*: 8h Ã s 22h | Localizada na Vila Nova da Praia.

ğŸ¡ *Quermesse da Vila*: segunda a sÃ¡bado das 19h Ã s 22h30 | Consumo Ã  parte. 

ğŸŠ *Vila Nova da Praia*: 15h Ã s 23h | Consumo Ã  parte.

ğŸ¾ *EmprÃ©stimo de equipamentos esportivos*: a retirada e devoluÃ§Ã£o ocorre entre Ã s 9h e 16h na Toca da Zooeira."
O que responder quando tiver atendente disponÃ­vel antes de enviar para o atendimento humano?,"Legal, vi que temos alguÃ©m para te ajudar! ğŸ‘©â€ğŸ’» SÃ³ um momento que jÃ¡ estou te direcionandoâ€¦
"
Como pedir o feedback CSAT para o usuÃ¡rio apÃ³s encerramento do atendimento humano?,"Espero muito ter te ajudado a deixar sua viagem ainda melhor! De 0 a 10, o que vocÃª achou do meu atendimento?"
Qual mensagem enviar quando o usuÃ¡rio enviar um conteÃºdo nÃ£o suportado pelo bot? (Exemplo: Ã¡udio e imagem),"Hum! ğŸ¤”
Percebi que vocÃª mandou uma mensagem em um formato que eu, por enquanto, nÃ£o consigo entender. Vamos tentar novamente apenas com texto, por favor! 
"
O que responder se perguntarem o nome do assistente digital?,"OlÃ¡! Me chamo Sol, sou a assistente virtual da Aviva. ğŸ˜Š
"
Qual mensagem enviar quando o usuÃ¡rio selecionar Jogar TÃªnis?,"AlÃ©m de estar no paraÃ­so, aqui vocÃª pode ter os melhores sets e sempre elevar o game. Procurando parceiros para jogar? Conecte-se no nosso grupo de Whatsapp atravÃ©s do link e encontre alguÃ©m para jogar: https://chat.whatsapp.com/Laz9bkVElAtLbZjVRmm5Yu"
O que responder quando mandarem frases com intenÃ§Ãµes de suicidio?,"VocÃª Ã© importante e nos preocupamos com a sua vida! ğŸ’›

Caso deseje conversar sobre o que estÃ¡ sentindo, o *Centro de ValorizaÃ§Ã£o da Vida* te ajudarÃ¡ da melhor forma e sem julgamentos, atravÃ©s do nÃºmero 141 (ligaÃ§Ã£o paga) ou pelo endereÃ§o: www.cvv.org.br â€” para chat, Skype, e-mail e mais informaÃ§Ãµes sobre ligaÃ§Ã£o gratuita."
O que responder quando perguntarem sobre fÃ©rias com Desafiyou?,"ğŸ‘¾ *FÃ‰RIAS COM DESAFIYOU!*

O verÃ£oÂ â˜€ï¸ dos desafios mais malucos e divertidos chegaram na *Costa do Sauipe*.
Esportes, gincanas, game shows, charadas, jogos, desafios digitais e muito mais.

ğŸ‘¾Â Se liga na nossa *programaÃ§Ã£o diÃ¡ria*:

Â â–ªï¸ *DesafiYou* nos restaurantes 09h
Â â–ªï¸ *Momento DesafiYou* nas piscinas 12h
Â â–ªï¸ *Desafios Tik Tok*
Â â–ªï¸ *High Jump* (simulador de Bungee Jump) 10h Ã s 17h (04 a 15 anos) - em frente ao Hotel Brisa

ğŸ‘¾Â E agora, as nossas *atraÃ§Ãµes especiais*!

â–ªï¸ *De 08 e 09 de Janeiro*, clÃ­nica de VÃ´leiÂ com a ex jogadora da seleÃ§Ã£o *FofÃ£o*. ğŸ 
â–ªï¸ *12 e 14 de Janeiro*, a duplaÂ YouTuber ğŸ® *Gabriel e Shirley*.
â–ªï¸ *De 14 e 15 de Janeiro*, clÃ­nica de TÃªnisÂ ğŸ¾ com *Fernando Meligeni*.
â–ªï¸ * Dia 23, 25 e 27 de Janeiro* desafiosÂ Â com a dupla YouTuber ğŸ® *Dearo e Manu*.
â–ªï¸ *De 24 a 27 de Janeiro*, clÃ­nica de FutevÃ´leiÂ âš½ com a *campeÃ£ mundial Josy*.

E muito mais!Â 
Para conferir horÃ¡rios e detalhes, consulte o item ""ProgramaÃ§Ã£o"" para o dia desejado, no menu principal."
O que enviar ao usuÃ¡rio se o atendimento for finalizado por inatividade?,"Sinto muito. ğŸ™ Por favor, tente iniciar um novo contato. Assim posso te ajudar!
"
Qual a mensagem a ser enviada quando selecionarem clube de fÃ©rias?,"Sorria! VocÃª chegou na sua segunda casa!Â ğŸ¡

HÃ¡ mais de 20 anos fazemos famÃ­lias felizes atravÃ©s do nossoÂ *Clube de FÃ©rias*â€‹.Â 
Transmitimos a alegria dos nossos destinos, comÂ experiÃªncias incrÃ­veis para vocÃª e a sua famÃ­lia.Â Â ğŸ¤©

ğŸ‘‰ğŸ¼ Â Para atendimento exclusivo, clique aqui:Â 
https://wa.link/mnqi83


"
O que enviar quando o hÃ³spede (sÃ³cio) selecionar a opÃ§Ã£o de programaÃ§Ã£o exclusiva para sÃ³cios no menu principal?,Veja o que temos de ProgramaÃ§Ã£o do Clube de FÃ©rias por aqui â­
Qual mensagem enviar quando o hÃ³spede selecionar que ele Ã© do clube de fÃ©rias na recepcionista?,"Sorria! VocÃª chegou na sua segunda casa! ğŸ¡

HÃ¡ mais de 20 anos fazemos famÃ­lias felizes atravÃ©s do nosso *Clube de FÃ©rias*â€‹. 
Transmitimos a alegria dos nossos destinos, com experiÃªncias incrÃ­veis para vocÃª e a sua famÃ­lia.  ğŸ¤©

ğŸ‘‰ğŸ¼  Para atendimento exclusivo, clique aqui: 
https://wa.me/5571981022539"
O que responder quando perguntarem se as bebidas ficam disponÃ­veis 24h,"ğŸ¹ As bebidas ficam disponÃ­veis nos seguintes horÃ¡rios:

Bar do Lobby 
ğŸ•› 10h Ã s 01h

Bares das piscinas
ğŸ•› 10h Ã s 18h"
O que responder quando perguntarem sobre cervejas sem Ã¡lcool?,Certo! Ã‰ possÃ­vel encontrar opÃ§Ãµes de cervejas sem Ã¡lcool nos nossos bares espalhados pelo complexo. ğŸ»
O que responder se o hÃ³spede perguntar se o hotel tem serviÃ§o de buscar malas/bagagem?,Para solicitar o serviÃ§o de mensageiro Ã© bem simples! Basta procurar a recepÃ§Ã£o do seu hotel de hospedagem que a nossa equipe irÃ¡ te ajudar com suas bagagens.Â ğŸ§³
Qual mensagem enviar se solicitado agendamento e o perÃ­odo de hospedagem seja menor que 7 noites?,"âš ï¸ Para os hÃ³spedes que possuem hospedagem com o perÃ­odo menor que 7 noites, orientamos que verifiquem diretamente nos *restaurantes temÃ¡ticos* a disponibilidade de reserva a partir das 19h."